Actual,MLP_All,MLP_Causal
1.161,1.517438675412637,1.268708541287367
0.744,1.2254102536424316,1.5002427381202312
1.5,0.8593447432762304,1.3696123954868233
2.189,1.4593170841589327,1.3192039765901984
0.286,0.9127157812156472,1.0465880925664348
3.806,3.0523119957003138,2.824585748518456
1.185,1.5036743614567207,1.9451826825331424
0.884,1.8146550468596523,2.3150780565431006
4.594,4.379962334386288,4.667963054581359
1.71,1.852031605747633,1.711931393971089
1.101,1.336663323470008,1.3968405157217219
0.932,1.426664957083997,1.3607489962044514
2.267,2.64276006600685,2.779562612136505
1.669,1.1397462039664816,1.5539541727501578
1.89,1.6405694468379437,1.3527991094316456
1.761,1.8294405099055573,1.8150858080413514
1.515,1.6574883812322376,1.632757626427071
4.634,4.721919806085957,4.435417533652734
3.524,4.093145203208632,3.609014874637929
4.537,4.0027037694526735,3.6802654000546684
1.062,1.0493995389295079,1.2595354398862537
0.625,0.508044178564672,0.978644102263793
3.333,3.7417709416050653,3.385547756729367
1.714,1.5241555359452648,1.7070318166270417
3.167,3.105395147689341,2.9536846598290927
1.374,0.9666391319417929,0.5408055631323451
2.43,3.0917745122258875,3.139988059514221
1.583,1.3154791136190065,1.2601901829417024
3.855,3.042833877078996,1.883844419261222
1.269,1.7087694655908305,2.020615828359514
2.962,2.8629583018401004,2.6573016620758936
1.369,1.4309683647485878,1.4450585688382307
1.556,3.0003064631221994,1.820510423431628
3.061,2.7956058845973755,2.4985768704745603
1.301,1.7280453122181658,1.6115498799043007
1.316,1.2550641450386197,1.5320546249501383
1.528,1.6869439671566155,2.027578388950689
1.442,1.4175337191477413,1.3459794217421783
2.007,2.027414026895674,2.584884619415717
2.98,3.523902880357158,3.298328160135412
0.984,1.316435966729805,1.2835693659388152
2.596,2.7802707534686677,3.445559618220839
3.441,2.9096700717458006,2.1360932109725375
2.569,2.652391076246948,2.252693097547462
3.106,3.03983513696612,2.955229931423154
1.197,1.1998709678825368,1.5417629203557595
3.246,2.923079596139094,2.2391105873628026
2.522,1.5130293632062564,1.4041244467099734
2.13,1.9753762982574372,1.8916811988952587
2.013,1.7107219348646616,2.2401560400819593
2.964,3.101228852487872,3.5240236406429344
0.788,1.373640125577464,1.4471819243565167
2.317,2.7714272593353613,2.684724919259534
1.0,1.1811275021255614,1.113166039260538
2.443,2.4160280292521565,2.33266244891132
1.121,0.6151852049909006,1.1037935253760947
2.876,2.067909374813683,1.9560687579646987
1.424,1.8297722964704926,2.5525004301375396
2.683,2.1293106243502837,2.157508445456535
2.277,2.8491471038294836,3.037011544195756
1.404,1.7560201743021389,1.6778775856007404
1.83,1.5387826362022559,2.1008992361556067
2.444,2.560120668559641,2.644012042210966
2.766,2.962871664276944,2.3230430710303156
0.736,0.7318868592869721,1.4907867183061425
5.675,4.553116623470533,4.9610243256383795
1.038,1.665003325533227,1.3305109527717067
2.94,3.169530665002301,2.801964598330908
2.493,1.8543362862643027,1.8703356095157417
2.605,2.5660375361356573,2.2630389970688065
4.0,4.252758153346851,4.144893469238688
3.336,3.062759603654743,2.3922298447647745
2.513,2.6191087272639297,2.0610241314363296
1.558,1.9418668868976416,1.7506404874386332
1.315,1.3056512003805856,1.2644670996087992
4.133,4.920878425616673,5.191062112864682
1.533,1.681662319186324,1.644539683492202
1.804,2.2153209657998736,1.5128460037641398
0.453,0.801221838382363,0.9989800135723915
2.596,2.532923103310056,2.077374660569898
3.5,3.4995443980962024,3.6511108321799184
3.03,3.363408513096301,2.752439027973226
4.582,4.478462196103992,3.6851377996620367
1.279,1.3062535700253681,1.282253172349351
0.748,1.03911641738034,1.3329351259239113
3.158,2.963535038680603,3.3747949019836456
3.064,2.9556598979068758,3.0759811413125147
0.13,0.9186765297401726,0.8829853366779784
3.728,4.166678453237365,4.4920465467406006
0.816,1.5628396579026125,1.5016531038988372
0.719,0.8670142900809455,0.700298529407802
1.15,1.4795245652154843,1.6525035770287304
2.103,1.8811940048149336,1.8890467390944892
3.284,2.8422840769077777,3.0633182262869894
4.836,4.926744431978731,4.420846561820526
4.164,3.9846870074042346,4.290530260354594
3.569,3.8053448574528907,3.321887527954755
0.6,0.7415171833733302,1.0883763952174261
3.114,3.041442764512067,2.86311656027284
2.904,3.263775970053927,2.969102911495607
1.218,1.4583516474704306,1.8102542031384
1.667,1.6838361233036279,1.580939950774685
1.984,1.5126612977684033,1.8202985266859804
3.111,3.15405458174869,2.5050795001858064
2.673,3.1926683542969743,2.5150626871828146
1.571,1.7342208579384404,2.1675107619290306
2.633,2.7078998571478614,2.686568281029025
0.908,0.6720589904130491,1.2148814648376582
1.041,1.0780981932330471,1.1405164573999835
4.178,3.720361879477209,4.275187875297099
5.276,5.02073309140939,5.176035470503983
1.385,1.607052975351277,1.5876913597963402
1.954,2.394029947990902,2.8930815256522258
1.843,2.6630732171828972,2.1936566129351647
3.393,2.6115411034322435,2.611958937142323
3.088,3.986153388227777,3.381299001836943
3.635,1.4522450309670139,1.3406423948819937
3.393,3.1130239855796176,3.2350366553234577
0.769,1.0222075520594611,1.2280274827981184
2.0,1.9055956751431908,1.65240097736084
1.444,1.7384796187563618,1.4170729468481675
3.809,4.026541827671569,3.7791506823431535
1.095,1.3833546410421191,1.186189870243322
1.842,1.209417840274312,1.397849503585329
2.025,1.6634942116848292,1.8415352688427675
2.939,3.1093278254926524,3.4148122298201007
1.529,2.2447810355229283,1.912043317954403
1.0,1.1719091155813874,1.220650061077234
2.679,2.8876562550485962,3.0046740937009715
2.382,2.378502884388614,2.7817291014849976
2.814,2.807524112834476,2.912587840555027
3.824,3.821165664679891,3.0983116028538165
1.604,1.7507677309459813,1.6524921024485564
1.0,0.9793485448857937,1.0695842630286823
1.419,1.3919710921441986,2.19025289334122
3.486,3.7360373207119655,3.9892710190856433
1.417,1.9351064405339296,1.398001627901928
1.144,1.5884176686358327,1.6648330389283394
1.256,1.415671721864912,1.1286448884504718
4.302,4.222044117216685,4.4228308166745975
1.706,1.5833583079556215,1.290038260234542
2.824,3.621328825279823,3.030932653927794
4.653,4.633956216065975,4.76411186894324
2.28,2.2579035960846054,2.2205791153505254
2.777,3.1649105880110313,2.6760089843534165
2.637,2.7653161227646756,2.2318713995638455
1.126,1.391174145565051,1.4818165357789375
3.843,4.58210321868137,3.350512625969851
1.168,1.2174366635461737,1.626949389879452
2.514,2.688955547209383,2.7789163743706458
3.5,3.4875579853927685,3.296139854372366
1.0,1.1964951390100005,1.216247271629368
1.883,2.74093222323663,1.6461063036999088
3.32,3.6352712844633994,3.671055932587016
1.344,1.2729075977013564,1.4741244152158979
2.848,2.343193717605704,2.418452996970267
1.562,1.6418506725907425,1.8678124994323233
2.738,3.8271694017023545,3.605537896637303
1.143,1.6779299432831856,2.1658774694971363
1.317,1.762929349488257,2.84537199210181
2.794,2.7023676239814485,1.9071738721879234
1.5,1.2291016533372492,1.380317761891015
1.174,1.6272055822865514,1.5834949942805756
1.576,2.380242263714935,2.3171461119437047
1.209,1.197451191071118,1.1182336632981338
1.972,2.367848278630416,2.800509149061336
4.044,4.429258189489055,3.589795216051012
3.456,3.3861529360192426,3.04882762649989
1.041,1.2599206106368688,1.060426380564674
1.083,1.031164225603622,1.0989195817076687
2.805,2.0912858075417713,2.585493467711108
3.339,2.9100315147735776,2.9708348835380436
0.601,0.7188760207220327,1.1246964821227246
0.976,1.3541454237847792,1.779202671725494
3.483,3.430813994822897,3.2525906270308633
3.409,2.9979948352458154,3.824737220481047
2.546,2.651984159199113,2.559107279921843
4.049,3.3342604625387784,3.248005382871876
2.913,2.6811451698854833,2.7687566896097793
1.815,1.8800340428397133,1.5529367334816704
1.545,1.7582169303609656,1.6680759921522132
1.662,2.683588381802044,2.599448898044454
1.42,1.4709675662690143,1.2365817162673785
1.846,2.318014689134243,2.4889574606258695
4.163,3.942623775095652,4.414379670127198
0.921,1.3728932359197172,1.3095997640108328
4.656,4.696055257136218,4.842925094262111
0.643,1.1144544962341114,1.1944182184703145
1.35,1.2151886684969635,1.6027576828382428
2.255,2.264231946517015,2.2393275684209772
1.0,1.3209542189768988,1.4876950873796488
2.375,3.283904541011369,3.189645246148777
2.321,2.042099378054865,2.205681563180676
2.471,1.8846943134866259,2.383676112432107
1.033,1.1378173678260826,1.4134472551662474
0.869,0.8540386281590457,1.1107435928121165
1.136,1.406215556531702,1.3936277630735763
1.535,1.9856092778260477,2.3546576516401494
1.034,1.0376410642013632,1.2923717665274563
4.947,4.711308276467976,4.5861217932975356
2.419,3.7763896226028635,2.3087476900186483
2.603,2.579072056381759,2.8551638983543044
1.55,1.699092205583474,1.6472128139684608
3.807,3.2101793299148147,3.1954773565625145
1.2,1.1881857203054387,1.2299413192089008
1.857,1.5860881869281198,1.6392202469688137
3.857,3.4019080925207192,3.1697614925924826
3.36,3.3835242133154404,3.1798616398250634
2.109,2.371635673847401,2.6181387407869123
1.0,1.196896332887282,1.1447661119745574
1.82,1.811392811235015,2.22411069699949
1.449,1.5518223191981082,1.9352343240589898
2.409,2.289763263284469,2.7680428103808645
1.6,1.0115897670144012,0.8398381518950527
1.567,1.1090319145748062,1.7790007614830983
1.52,1.6444476407369837,1.6269753439994612
3.128,2.6919289611477635,2.6347557457034303
1.187,2.8468378871092037,1.8875946397151053
1.296,1.9634735880864227,1.7127343333261242
4.683,5.161419404058529,4.989275094986367
3.687,3.3899031342923074,3.192032914676093
4.84,4.644242274315814,4.876764576197178
0.885,0.8603625558533685,0.777440964591889
1.986,1.8597170674830705,1.4584438033116918
2.422,2.5884824049615416,2.4832348274369473
1.333,1.5916895253351293,1.5341210787653887
2.105,2.1308204710685095,2.249685254441957
3.586,3.7838682397616017,4.3429948336857995
3.192,3.0537428912457254,2.709051453294615
2.311,2.390800655221672,2.6861940066302155
2.91,3.408263845916822,4.128731814669986
2.907,3.456693178591351,3.4609080586611447
5.064,4.66079270101079,4.278086702102084
4.087,4.117562323111679,4.214452123176479
1.853,1.3947244394582596,1.7763521845220938
1.0,0.9578619442686476,1.0130495306636011
0.735,1.2833274253573363,1.389472299878515
1.349,1.2944554256120457,1.4048536182551312
2.949,2.7955821657874544,2.9441336744651894
1.607,1.8598667419299098,2.487684372737917
3.294,2.893449265761484,2.865147315411073
1.7,1.629551530327129,1.8098182038524069
2.607,2.128098088090255,2.230977785280404
4.27,4.33670435877929,4.187660687585162
3.253,3.1289318545697262,2.7560093648352564
4.121,3.2884130804373557,3.7343060493962974
1.333,1.6396114879261152,1.5197649203819799
1.552,1.376413631023897,1.3276514793623586
2.536,2.450060743357378,2.0001709505576417
2.523,2.7129080344333345,2.444083324007147
1.705,1.8861238409058323,2.175998397389526
1.856,2.2108315572888793,2.098975806903878
2.214,1.8070702871064777,1.4869509046920002
1.114,1.6491892951289513,1.5591192293927203
3.272,3.7201561603472126,2.7750350101120733
1.55,1.3345778773678716,1.3016530968828723
1.876,2.2055610091631257,1.8750608370357695
2.059,1.3365164146307733,1.0335778626147856
2.563,2.4563420733251755,2.2758227333436127
3.628,3.448685562639282,3.474538368887555
1.364,1.1571282232274305,1.2254394721877002
4.502,3.8631927384014504,4.377422188026634
1.42,1.4087754476784822,1.2518510961968845
2.578,2.2047863953145264,2.235662869500939
1.333,1.0289996155966241,1.3941445369296663
2.688,2.4476624322408,2.259571122581112
3.471,2.9605520995977654,3.717498202365244
3.188,3.283850752561139,3.0817606145674037
3.955,2.974828105682822,2.4091409440652654
0.788,1.1278461947469407,1.195888076672765
4.795,4.882120801097821,4.7156839190488204
2.0,2.164680331234492,1.4322135875620599
2.622,1.766098560364724,1.8170078051454106
3.814,3.500762736304496,3.1019606967560054
0.863,0.9570421090654684,0.9389423558118958
0.896,0.9341326067961886,1.4587136497020468
2.537,2.8828353675178513,3.1117372431659622
1.284,1.2565362141890482,1.3722640644922084
4.66,4.1860278094450525,4.410634339528652
4.112,3.6985549343329245,3.197597121702771
0.449,1.5752367806295189,2.215248711330695
3.114,3.043272029859852,3.005889580802096
3.032,2.2338740959062693,2.293483160425394
1.488,0.9287396637395213,1.0787199258018716
1.539,1.7056700975804873,1.5423774447210161
3.197,3.1944944322212385,3.596850453431839
3.031,3.1812675827118864,3.7098912711981797
1.0,1.147957934202558,1.0230398598119397
0.917,1.2567625567823446,1.636675436663976
3.974,3.570215967733991,4.122907559466554
0.807,1.1683636534974855,1.7107080277971227
1.667,1.454754052587178,1.2791457809287494
2.664,3.0379311224822927,2.4152071163397704
2.009,2.5479102564430893,2.238550937736051
1.308,0.865796684589385,0.9787565594356856
0.756,0.8516598681512044,1.6726928100531002
3.26,3.389151328721418,3.1111403069973718
1.451,1.386706546806577,1.392263024590314
1.875,1.8469509108556794,1.6822384500282013
1.534,1.7464603249187556,1.3714580803334435
2.408,2.194957952777769,2.0148646489642092
1.746,1.5166991619384462,1.353954721620807
2.836,3.0741373356243784,2.9274626747368755
1.041,1.3646578151993967,2.330653125628975
1.665,1.4034058670939225,1.556199301873877
3.701,3.469358878743445,3.105005125351996
1.569,1.6594074706948558,1.551069235155035
1.364,1.6347497967723064,2.750675626879804
1.0,1.4876511053340318,2.0203874160249615
2.049,2.3590707024984967,2.338375061602226
1.882,2.442023411209378,3.148767131515522
1.375,1.4232474031801656,1.4502449747554476
2.189,2.3883599165166887,2.3205998192621693
1.833,1.3485864200446742,1.6069415508958538
1.811,2.1587774783251006,2.1857485951881386
1.647,1.748408926823371,1.4776869449884074
4.466,4.032232783496711,3.703601694953837
1.761,1.6971721439081868,1.3907394756698128
3.707,3.865901132593839,4.091861586401485
1.787,1.8755643421665709,2.2519914394296054
1.039,1.3254665057426018,1.543936989715795
1.665,1.3564735475099488,1.3538407956408274
3.901,3.3950744918684643,3.118427429101145
3.962,3.8855312819722077,4.02264683454024
1.451,1.3893497440808416,2.079904521568467
1.231,1.0515506603608276,1.3035264847383874
1.496,1.2915724902902175,1.4858263392324709
2.92,3.7274189646803464,3.3787079769157837
1.38,1.8169172156209628,1.6539792120728367
1.862,1.94259391718921,1.814778848961974
3.406,2.488970971590062,2.61193793260442
2.203,2.4866215850121005,2.612065770277288
1.249,1.3264349193495204,1.2747301172569352
3.976,3.5716859259025546,3.2880138558714496
3.31,2.720305126329378,3.06555066928482
0.604,0.6027319869008565,0.6791960650850853
3.536,3.6307362876261715,4.057104451352606
2.032,1.8642489927334647,2.6236336793746546
1.286,1.465280595941238,1.6025243587139237
1.65,1.4711315756055152,1.5177856014051274
3.023,3.5101229912206406,3.7177689218762215
1.294,1.2852219701419845,1.1971125322437124
1.818,1.8715517238899326,1.479966023409713
0.902,1.3313002890844257,1.2353175777906449
1.271,1.3683247895375765,1.389935584552659
3.211,3.358618369747436,3.2956075945316163
2.87,2.775342780395563,2.7272889139915506
3.712,3.4782135986873843,3.1505356743075135
4.045,2.3159097050663418,3.0722109793791987
1.068,0.645401604258734,1.9323752007948767
3.914,3.5940382491811174,3.0808483075559763
1.708,1.457520399421073,1.730343259162407
1.826,1.82186573902883,1.853794351899611
2.124,2.5721424735320007,2.7515709836402644
2.206,2.95625588406473,3.2254013171989007
2.98,2.5669651046485846,2.51310580191663
1.327,1.771605728651522,1.4022295688305189
0.8,1.035570207583108,1.9538943920803598
1.741,2.202082108067451,1.4657390481813488
3.012,3.0569719123209795,2.5757853917598914
4.437,4.639532078541626,4.9500174956552465
1.587,1.3911704088010968,1.3429605315599296
2.258,2.5835067936160945,2.5525887272130476
1.428,1.3796622013618145,1.6240960613383222
3.647,3.2032811839546635,3.508510172930548
2.195,2.432571721796515,3.228802542731784
4.484,4.192341867204245,4.151741678258317
5.011,4.847792350451311,5.0467883834921246
0.637,1.5875311801009333,1.197858380885283
1.382,1.4253220749384345,1.441923946752568
1.883,1.3861447026102491,1.5066218438466925
2.61,1.5178319857739764,1.8005283067982538
2.763,3.062512608885499,2.875522299968261
3.522,3.81587940278811,3.952385922478723
2.95,2.789691254227996,2.477784146228893
1.25,1.4420221313390145,1.7488981239735661
2.577,2.156158160889471,1.5793003024389565
1.675,2.0051771777215928,1.928732830008581
2.624,2.567610091776837,2.0582572552117644
0.662,1.270951995744765,1.4215113327681461
4.689,4.918663644130854,4.90374436889562
4.308,4.369702554006764,4.241947390262893
2.214,2.146917170665647,2.0785104323005905
1.471,1.4741181866802604,1.4073441117985115
2.564,2.518091870459295,2.464566271186356
1.416,1.589052196171992,1.3904239518977164
2.038,1.5896212406915797,1.6953941051048056
2.411,2.7891300580955676,3.0920830046931225
2.014,2.6356844358280678,2.6414192965895937
2.256,2.1769789319079598,1.856702981717277
0.832,2.0073623423901017,1.6230313406006558
2.438,2.475882260916796,2.098392026655986
2.429,2.9316182183797737,2.5974420469039594
1.112,1.2081606460519123,0.9928746282107855
0.502,0.6439919398018386,0.8782905043121004
1.349,1.4342805873777786,1.2714288667745168
2.547,2.704231556759737,2.0958050992484982
4.292,4.365760558401771,4.114726175545833
3.003,3.1982031857216446,3.188122531338266
1.226,1.1600195068902739,1.4663192135959133
0.229,0.466398000132611,1.0905486279709304
1.27,1.2081153425212279,1.14802870570758
3.338,3.2701432167558666,2.8329036946017205
3.251,3.1273301387374133,2.8942831862679888
1.922,1.8233736000124325,1.6706079793471305
1.478,1.5552408557578994,2.208824890581166
2.811,2.8673556674149885,2.2141680367668366
0.937,1.3708217001322118,2.0261854846498424
1.607,1.3724617116876472,1.5169726681245193
1.883,1.854435041766879,2.0735642072854774
1.374,1.1612763853585915,1.0941105334459666
3.592,3.6060323025390986,3.9828863408269775
3.55,2.318024797956432,2.6789626542048666
0.909,1.0991088268087417,1.031813778184714
3.751,3.3750244254965773,3.3969939767227766
1.562,1.5011016681248002,1.313814139872354
1.71,1.3631519951418176,1.323614590315183
2.701,2.698679019711287,2.646970916985714
1.0,1.1448235594828768,1.2799137229992548
1.256,1.4476867179437505,1.5242318672162076
4.947,4.846241203957682,4.649288616717956
1.894,1.9481725274226402,2.21449054312222
1.699,1.929658999663539,1.9998884149805827
1.818,1.9362838353841356,1.6178237937701367
3.001,2.7603516953195832,2.83625771433621
2.26,2.2783884391478844,1.74616315862897
2.2,2.003760575046376,1.9062241492074494
2.814,2.703229876372752,2.565844679860652
2.787,3.49085205996789,2.9554630870126046
2.0,1.7778893528146502,1.6951301379852706
3.85,4.0859420050058795,2.983807764856819
1.583,1.72300838292406,1.6185860924515292
1.821,1.7218397247485733,1.8371273255104756
1.961,1.9378158159308865,1.5295926122886812
3.493,3.6904791197389804,3.940763326904395
5.251,5.224999159120014,5.160521066160788
2.866,3.0567506992914852,2.5623446876852074
3.177,3.467818475118844,3.27351313344791
1.049,1.166754792604398,1.4793482916060898
3.506,3.441119235593023,2.421718897993728
1.879,1.968789042567396,1.814827052899186
4.795,5.051692898870844,4.976077946346865
3.13,2.9256494651991756,2.8817583413037506
3.505,3.436370813034772,2.5495807455273303
2.994,2.5567859958356616,2.5295505496886883
4.2,3.92455470388923,4.307302605709837
2.164,2.496249983766763,2.163975521356078
1.387,1.373434875745331,1.4335372509992474
2.964,3.0099533841323023,3.0257178335364885
3.581,3.5169057609338488,3.1628559238540626
1.785,1.8973003045144048,1.7506493255176188
2.348,2.4375210418821025,2.5214115706713214
3.645,3.6082534296828035,3.3190258132584503
2.897,2.7606285773042707,2.7563525886243365
1.803,2.6916121225222027,2.4248045817678583
0.896,1.688305249957897,2.32372604449335
1.037,1.420781904470962,1.2545622920035577
0.953,0.8257263065909625,1.258418332787541
1.335,1.7321247021251152,1.4980928112991885
1.005,1.1810619654593602,1.2876380532485445
0.905,0.755819145343031,0.9990936424339051
1.077,1.1036958980595755,1.4074753331107526
1.435,1.3204575467870283,1.3985628659782874
2.84,2.488381339692106,2.0499921817125903
2.715,2.927703897588833,2.8866830563159023
2.703,3.3021436744565436,2.9451901862935386
2.122,2.7640691178823635,2.695912806023815
3.317,3.296934392176616,2.6587600165288663
1.388,1.3170680283494152,1.4406668636625772
2.781,2.7872605266188826,2.831338546037833
1.497,1.4910650986326506,0.7985606362698786
2.725,2.152161579698999,1.9208135012994645
3.179,2.542461537345697,2.4789527057919334
4.435,4.528985709665208,4.3975340002499745
1.02,0.8386811887671539,1.0457996643984733
3.971,2.9736218312193055,2.945244355576652
3.084,2.9111516560523576,3.192922292708175
3.609,3.1906125655808926,2.885203829270807
1.7,1.5971729995299102,1.7192931137135705
2.915,3.180607678531209,3.4518438289623448
3.238,2.659600801919308,2.309180943991509
3.0,2.555584306836403,1.62211751759295
3.942,3.3029206948190515,2.8119361762484454
1.016,1.2015159966190674,2.0453282527505583
2.806,3.0856597775899877,3.203865291296595
1.909,1.8768550643276007,1.8956392194034195
1.118,0.7165050837314266,0.9665054732994934
1.882,1.631383670610251,1.9924236976231726
0.834,1.2407675596714636,1.9578841425922335
3.444,3.144763561614211,2.8685184738287868
1.53,1.7427371564410081,2.3069180278586097
3.695,3.4989719929328444,2.9995665045505713
3.51,3.1153117946516646,2.641408520765634
1.971,1.6214390338071016,1.847993938112141
2.064,1.4429206865663202,1.7826812502520881
2.847,3.469297654875083,3.7599171798785833
1.125,1.0840266359464508,1.1419637375449354
1.529,1.4801845353014524,1.7900774868611635
1.533,2.066898727837525,2.070251880386939
1.465,1.2842828197789715,1.5023218754798537
1.0,1.0555778367435986,1.44612587448739
1.734,2.143603372664357,2.0731497432455415
3.057,2.7772235053939838,2.8738555583588123
1.2,1.3485358148170044,1.6027110454966231
2.829,3.2007066563053828,3.052105209553487
4.013,4.14263875647999,4.2263085004183205
3.678,3.6220617138547477,3.0196049102332414
1.245,1.2883499262397615,1.3357621731968616
1.971,1.7972274608577434,1.7584572323162013
1.653,1.4561950582119896,1.8869219954898844
2.931,3.058342897393023,3.0618926100938926
0.756,0.8881169003828486,1.3764418406368222
4.145,4.658630253332667,4.758962533631256
1.965,2.7051376391735698,2.5475694604353456
4.638,4.465497094650863,4.964291687331518
2.96,2.8185947662316493,2.4039928549243954
1.295,1.6563909591329173,1.7006145017924337
1.322,1.5107582222005929,1.739745901967649
3.161,2.7597356853833013,2.6538000280855427
1.973,2.0837474270383622,1.858819783240469
4.154,4.260178679524305,4.101711804802528
3.509,2.5890286860093816,1.6458721773346627
2.658,2.571024642628723,2.6708912218656082
3.71,3.3380609283948814,3.761233627218943
1.268,1.4073689500759228,1.71550402628894
3.042,2.8951532564737943,2.3042821264132693
2.753,2.8157046576160045,2.818216151561983
1.122,1.0163863390815377,1.1167966497030295
2.857,1.3358537423935704,1.7073896481964286
1.0,1.000691203654215,1.1788770325441162
2.962,3.0259476194710055,3.0243326336011385
3.149,3.2474450313867385,3.160630536994106
2.571,2.6758034287884467,2.333887315005988
4.972,4.614762896798439,4.5255514957742315
2.212,2.67078046775189,2.1803877633925652
1.31,1.6622941279282255,2.034025359847338
3.996,4.17606853523875,4.1721253979523185
1.264,1.2896660166393272,1.2304949666933376
4.073,4.222898594740236,4.430473617354042
3.324,3.1759822409099905,2.949863497219859
0.992,0.9249008497493645,1.6745659291549027
2.912,2.759902291356701,2.8836196349307666
1.281,1.5962655518076418,1.9845702117648534
2.201,2.004447902187774,2.014100117120478
1.244,1.2624875076217363,1.3162780580079594
3.07,3.6006278810839976,3.5738759527308956
4.314,3.8956983065219033,3.012332578315567
1.206,1.3576141760709657,1.6988099953956066
0.914,2.6060523617973415,2.0003332810116636
1.607,2.2787414781756348,2.1669032687036913
3.366,2.8751055565476413,2.800793486006077
1.085,1.2621508299324349,1.1606674829717054
1.783,2.160090567777985,2.4234053984018797
1.547,1.6724351866419171,1.716255359088986
1.32,1.1192172310806217,1.4945795620201645
2.467,3.2084018047575666,2.9809653606441384
2.863,2.9871427549165523,2.7942004385511323
0.73,0.7135387315765336,0.8609515193035832
4.913,4.535026279862542,5.108204189015624
1.856,1.7362628983470296,1.9075344504951146
3.144,3.1872340830054373,3.1968765101930816
2.022,1.857890328425936,1.8455760096926985
1.028,0.7543784615127747,1.303074653083275
1.541,1.7902434983435365,1.4459838056919607
2.509,2.222053895202412,2.259311372724319
1.658,1.5169271326991394,2.0485909063850194
1.875,1.70621276152363,2.072187552580745
0.938,0.7949406665084828,0.8537085818787159
0.164,0.9047995778713327,0.7467446954418454
3.866,3.6835765298096956,4.16257449717364
3.183,2.34065111055138,2.6219748000356558
1.788,1.5649266463408,1.7982535261195909
3.634,3.661770050247478,2.783573230987763
4.21,3.8262451329658544,3.6481316021736947
1.234,1.2826482149702818,1.3879951623238345
2.332,2.3458289538519743,2.358121732993076
2.439,2.8311669325952264,2.3382931749843627
1.848,1.621405072220076,1.705489097747034
4.104,4.123419065761109,4.381567494880534
5.062,4.92050779384253,4.5548820618383905
2.283,2.159914680738834,2.8599192775080757
3.228,3.2542812091263813,3.639940864779
3.053,3.147235996027206,2.832662745883698
2.811,2.7757312472061253,2.91528479616555
3.035,2.8722570693439655,2.96319417366101
2.393,2.6702772991192725,2.4123007012122444
3.384,3.2143593916589017,3.2039134839124057
2.016,2.2168612314248177,1.9419338968326425
2.728,2.4063115426393775,2.519913149180097
0.876,1.3705430257851368,1.2568957885000858
2.773,3.3351615406755415,3.048246796471223
0.667,0.9828434405318749,1.6375759662966263
0.706,0.8317630609691146,0.9844512274537617
1.107,1.1359701307939565,1.1754205595383178
2.115,2.0465836907670605,2.493769239016846
1.906,1.9143269479923348,1.5627314452543475
2.088,2.4792928373355085,2.366411177877507
3.143,3.5424251077395468,3.2329718246495784
1.386,1.251715467837963,1.291669286310102
2.095,2.4557427942131564,2.3347851798903227
1.326,0.8389989966730396,1.2521920950554364
3.174,4.108750880067144,3.635660262067733
4.347,4.067844951849503,3.7171690456004636
2.514,2.680622161225795,2.3490110395142745
1.55,1.461602204089727,1.6129303855160684
1.284,1.777001166619827,0.9022804450888388
1.586,1.8950100863453907,2.0538621441812084
4.97,4.88216521700744,5.181393490498338
3.546,3.622865175620155,3.1300020094550156
2.436,2.5131741960175047,3.398266031138835
2.708,3.021822940167815,3.430122736704071
1.548,1.5345323042335963,1.6058535909490748
3.197,3.472186566886177,3.139336901381908
1.771,2.01987487931542,2.1518724911117046
2.102,2.2662404143176254,2.2833715954677807
3.736,2.503869401566652,2.7479064113454585
3.789,3.1699534982386512,3.257534585750173
2.941,3.0543303851158976,3.1070526013863016
1.0,1.0597115347158168,1.6334466587196634
2.552,2.0999410316152827,1.73305887837703
1.502,1.4944551311693832,1.5193243067891773
1.833,2.1398398314612086,2.571389365691186
4.505,4.4957503317510366,4.382399889147803
2.15,2.723004531175093,2.640259278141998
1.239,1.0155787480951886,1.1367827457199406
2.202,2.0423780821627515,2.1070718586156736
0.833,1.0325330799680565,1.4960405888754673
3.345,2.2575244796346188,2.3582593468784356
0.915,0.9662012803106212,1.1567182396008455
1.875,1.7515746008777269,1.7352670382169038
3.713,3.835420276544789,4.288761292742991
2.367,2.251316995289975,2.409610291420102
1.283,1.1988150839885725,1.178572953853541
3.398,3.4406236747503565,3.227220728620727
1.912,2.1782088826486463,2.1441369712164833
0.906,1.3264528309471788,1.3960760590605408
2.667,2.8955157037211645,2.5598669368544913
0.563,0.49061057754168735,1.0835219596593952
1.79,3.0032345339081843,3.1903300879643846
0.952,1.6614405236045844,1.4968926665893987
0.143,1.076666890158203,1.3311520580557055
2.713,2.3401792225344646,2.4793495608413925
1.619,1.7322830991989264,1.6420466256035722
3.226,3.4835279463744615,2.86666421196925
2.377,2.6326867609273754,1.95658874081098
2.066,2.3542641457943616,1.933597155350106
1.007,1.2667314120422666,1.288169953897207
1.727,1.762605113013488,1.6316271999660303
3.648,3.760513752835604,3.03703256806531
1.327,1.3702240587838794,1.4103539966690621
2.785,3.1318480350048885,3.883068781506464
4.636,4.765422625409753,4.518352651858179
2.489,2.6217828201885656,2.603767974299843
1.023,1.3270386813849728,1.0560226569610593
1.175,1.8735764319613453,1.808347655813153
1.49,1.7549316462778832,1.9941598140352093
1.343,1.593807159328034,1.4424307109835515
1.095,1.0687037889512951,1.0225364317631382
4.159,3.1921357986075645,3.073198853548561
1.056,0.9251479378544645,1.4361163156303656
1.845,1.4605781627959535,2.020441422963744
1.732,1.2318958468339036,1.3788611843654603
2.438,3.3192230184200526,3.00063947603367
0.919,1.2830289830478332,1.2492937263299244
2.392,2.533313409489661,2.53650217419591
1.0,1.0842602225823705,1.0030377297187854
2.633,3.430668138634652,2.6932179996503365
1.667,1.7427528748362073,1.6338888317793172
1.156,1.6208957048519543,1.7970733913777925
1.143,1.2946836450274248,1.048403145789099
2.383,2.7353784346926746,1.7570446525044043
0.914,1.2368198942249717,1.2093434768940274
2.132,2.168890270990641,2.1350110300335206
4.133,4.113490182805281,4.931807219936858
2.069,1.4727868809897495,1.626506197445888
2.006,2.5164541071659174,2.68476515169327
3.914,4.172767877981081,4.088281811795426
1.324,1.325891016405034,1.7151747218608113
1.243,0.9744465557017361,1.4805136598543642
2.587,2.661629093058078,2.1876372365932633
2.198,1.8745891489989832,2.606568379739297
1.871,1.6626734746439324,1.4501087926448832
1.855,1.6108646606253894,1.7110934240289404
0.82,1.2125702816573725,1.1944317200256518
2.93,2.7345086693194904,2.9643346231290097
3.342,2.389341449133279,2.3340118540197734
0.559,0.9768029951381343,1.397764537927738
4.456,4.370168275240189,3.942817189977547
1.414,2.332647109510777,1.796354037767724
0.878,1.0682381549741158,1.3320214484590633
1.447,1.6183089899220684,1.9610578810549084
1.243,1.7085819544540586,1.734516795184788
1.466,1.841091195616427,2.2799376605956074
1.448,1.39099925661154,1.4434832084573257
2.556,2.9013652758347708,2.3258459505308777
2.069,2.7506269056463672,2.9473989100748037
3.4,3.4455851739131713,2.2255548599108086
2.699,2.051405867329306,2.513695419426841
1.143,1.1470259036249848,1.1238604371725338
4.836,5.050766934106197,5.129980084936846
1.517,1.5509120493719806,1.9234990894204596
3.298,2.701183635484836,2.101975600457977
2.317,1.9218340874412687,2.130184807899129
2.346,1.7384507531934341,1.7736230164921025
4.271,3.990518865582432,4.203708534524542
1.563,1.6724126649427111,1.1270723622591254
2.125,2.6475031688201858,2.228203646925481
2.824,2.3911459628988605,1.7961816315492936
3.109,3.099955084904178,3.006664166469658
3.108,2.8458390966018174,2.7100558608266923
1.0,0.9648656377694107,1.0717787233631815
3.336,3.4283782841419805,3.4957530061136883
1.0,1.0270189162533787,1.2146486723912746
3.667,3.3984949221767624,3.523097285622765
0.934,1.2481552852618159,1.3496886769535266
1.434,1.5717138108052224,1.6622389200417018
2.826,2.175332369512713,1.965661002357789
4.11,3.9570000402175367,4.153061743090348
2.337,2.4535916349041287,2.7907438687024366
3.844,3.208396834136181,3.1977995017406795
1.463,1.7254640634159668,1.6012896740508729
5.189,5.18075790952966,5.214858641674216
2.116,2.3277198450312495,2.502224085988168
1.254,1.4524188013006865,1.9626953458413676
2.193,2.537834708628472,2.035907615727793
2.527,2.208100158604466,2.1939074415624726
1.415,1.0029056220561676,2.1271293708781216
3.408,3.4883297691446007,3.235230501016756
0.722,0.6366642422118998,0.7344661795672603
1.966,1.2315627877909747,1.3744818994775767
3.208,2.9855907730798377,3.025108853552858
0.888,1.009333150842856,2.069245079182419
2.233,2.6304252516126105,2.004869070489907
1.208,1.1952348620830953,1.4034937050758387
4.148,3.9330526866144826,4.148409451619279
2.177,2.4664476870000964,2.439601751601709
1.739,2.25723213910806,2.8627291100198
1.045,1.0581332905737015,0.951913120407032
2.06,1.6613857939255823,1.809291224641178
3.414,3.6065703541076672,2.940255434145205
2.755,2.6509519781488518,2.587571696796146
1.161,1.739734914665948,1.6590217249394121
3.593,3.8903719929528404,3.143337888239777
1.224,1.1215040952533377,1.0810206406833793
1.794,1.6301018969396375,1.8254649696430247
1.171,1.3034735070091399,1.2374295875195518
1.345,1.3744059871844336,1.401506689554033
3.612,2.8171372854936214,2.575433868318829
2.085,2.0478351823084013,2.5014847804575826
1.398,1.2889089203489021,1.7077655314076035
1.769,1.961004547259197,1.673182906906352
3.096,2.5769241945194623,2.1970189495537085
1.925,1.9888747325794363,1.7782730101433857
1.679,1.7149150239405686,1.6133591505423381
4.692,4.119566721239117,4.337897020493568
3.015,2.397755455740176,2.7812152031794373
1.507,1.1106687517714462,1.887080025270083
1.809,1.9278902545903014,1.7474919668449092
2.623,3.6266707028322624,3.694499315844579
2.118,2.422212451614026,2.0014941959432693
2.012,2.1645325919966627,2.566003944079986
1.415,1.701536895693922,1.5956224766715987
3.041,3.1500840578185616,3.6003149586232808
0.537,0.7573243363984421,0.3993668201275554
3.889,3.7182987347418175,4.241411373909327
3.226,3.6294260352264662,3.528794659556753
2.706,2.810503871572707,2.120608601805872
1.8,1.7724558496814673,1.4982783169751164
2.162,2.50820052951982,2.240588157511049
2.063,2.4432471887945306,2.433016586405016
2.462,1.5723095834071141,2.069317962909579
1.152,1.2908072167607132,1.1544942117775947
2.537,2.2988484630742247,2.2994583280181655
1.415,1.685622905413806,1.6248523779690562
2.91,2.617806080411965,2.715985721015262
4.387,4.521075885984459,4.400965169302787
4.046,4.2812163588387175,4.7463977086279
0.442,0.5170767017772463,0.3013358738490016
3.599,3.906933771401814,3.357933784749927
2.4,2.2529791768634686,2.946706718750924
1.031,0.9858674330446608,1.2256803692639453
4.678,4.724180269139955,5.017460068542611
4.431,4.361718110852108,4.641904270847697
1.618,1.9977027261447597,2.319235427770994
1.313,1.1471571007021968,1.1701736154095626
0.489,0.8884601675485764,0.7681024137774787
2.443,2.541019591587836,2.7861832974472147
2.964,2.587715750810057,2.3109186385768994
1.0,1.1790348315583565,1.0399280003659346
1.214,1.0720642015289936,1.1851369347135448
3.338,2.808665928798608,2.4501994632588127
1.966,1.6504947082232397,1.4523187031313616
3.613,3.469508704052284,3.109093377339097
4.445,4.029842139477206,3.9430509052293385
1.932,1.7274297250569792,1.57493176881172
3.77,3.737213053736484,3.482112053161161
3.057,2.7226141303824334,3.1380477371340305
2.245,1.8885418057059866,1.673129377687145
1.372,2.032101211834796,1.6292826946861516
3.503,3.387915639716469,3.0361538866103532
1.262,2.3110517864133984,2.0289043154834077
1.209,1.3352017099006777,1.4330236964070804
0.857,1.0555717954555717,1.3369589477012664
3.07,2.9947452047388823,2.823311534583685
3.0,2.7980130344384366,2.5949384525629497
1.477,1.9675731099564144,2.632712289568057
2.876,2.7114358599901456,3.0842659157941816
2.378,2.1070905545828587,2.1851609831881125
1.811,1.6847337292714093,1.5770577745499548
4.012,4.104809917753831,3.9427165362173553
4.076,3.4142560620056153,3.2323555417204926
1.75,1.7138499029483023,1.719548530153301
1.721,2.684137979462479,2.7893049345442082
1.866,2.0349680474916942,2.041804928416171
4.351,4.892021453517995,3.1801815570914207
4.92,4.1320501607786175,4.740095641508539
2.363,2.424938072452374,2.245481009782832
2.2,2.1097796618099958,1.9416427505467757
0.342,0.8950759771399655,0.949669229391335
1.178,1.5859751833746802,1.219271907570766
1.311,1.3450752439981075,1.1617346229513146
0.633,0.9606690296920455,1.3014152032537982
1.764,1.657104125150892,1.6744598766826164
2.55,2.1173478729344684,1.8614856001097109
3.647,3.2583618878064016,3.020413647186729
4.103,3.975870193337773,3.789934141718874
1.768,2.3095653572594674,2.182509596836289
2.756,2.913551109995675,3.0622532137118257
4.484,4.355055147547011,4.404143987636902
4.167,4.154943366346286,3.814506230747648
0.857,0.9600447758514026,0.8627878855478434
4.059,4.531182520148626,4.83577374608194
0.98,1.1132236080424494,1.5088703073624141
4.159,4.284178459389602,4.854328908700521
3.004,3.1645702977445405,2.7322847756350925
2.019,1.9063142683079013,2.190514553526213
2.049,2.441928166873482,1.9757844010449666
1.617,2.761272135607406,2.79237067998201
2.977,2.6183188963867976,2.8566481296916395
3.545,2.7624044942473183,2.4034020967373873
3.778,3.808946472545056,4.722982663106446
1.455,1.2797320611376506,1.6269442407996233
2.395,2.3713193347631876,2.2304533114185543
1.216,1.5431738818761107,1.7674604869905504
5.059,4.978639622533052,4.958037064119705
3.085,2.7291324842804348,2.503618328979826
2.053,2.5909222589298837,2.482607299214933
1.276,1.2031379358075398,1.7962057695244442
1.666,1.7794605873458897,1.9018751761123722
1.232,1.1214736188909333,1.4431944978308047
1.97,1.692824799526567,1.7629171070998937
1.855,2.9335571828958393,2.0965169896963296
4.947,4.659978831151467,4.5986876495195945
2.531,2.5865365196543832,2.3853394766112435
1.372,1.0510832731029784,1.322379377558589
1.165,0.9734436080535536,1.2185963277969685
1.548,2.4928598742192403,2.459041776091961
3.025,2.4384307346494856,2.5958386096410933
0.999,0.7831951286380183,1.392015734676868
1.977,2.508796352863908,2.2565985718017907
1.0,0.956927703102834,0.9774565953629998
1.796,1.7056771260968604,1.6363137622621813
1.75,1.912320502033494,1.9165020483875987
2.61,2.436081663620729,2.5998789456255125
2.213,2.2174855824315127,2.1341987089313164
1.036,1.4115355407073156,1.9529229947276359
1.385,2.0662877490863587,2.234321522435325
1.304,1.3437674916378535,1.2814707277814192
0.963,1.156822539631157,1.1508781051475152
2.155,2.1915495338700355,2.201437847058095
2.114,2.378507534617475,2.687465817239058
0.29,0.8033095418322176,1.538174023484646
3.983,3.4877822908442075,3.7644385519837775
4.707,4.912473841432735,4.690739619041683
4.676,4.743261698613988,5.02940145148855
1.833,1.8742309004917408,1.5057095018095779
2.529,2.718920054902023,2.3101411425939404
1.755,1.8098450794726926,2.61559241206797
1.615,1.6187841827066312,1.7661586976526298
0.986,0.8801013132273492,1.43561692010929
2.487,2.414562345122283,2.085020571274162
1.415,1.5552777323927187,2.1434898629475505
3.475,3.1593615733890603,2.989691384477825
1.0,1.264725086634605,1.162056798236097
1.152,1.260606781011294,0.8106042795908376
3.3,2.818549907362086,1.6355744856653476
0.676,1.2792532620527146,1.3044689373107166
2.792,2.2497862478807216,2.1268319756612253
3.193,3.008420397041558,2.83079200675673
1.13,1.4046142794275178,1.16206878331072
3.017,3.589943603108263,3.3351233085435643
0.688,0.9380320853791755,1.2037832458802171
0.697,1.149815681897855,1.6535761290725275
1.362,1.6849061589631624,1.67692329207614
2.114,3.366457453449886,2.9085482263654225
3.652,3.596302400792052,3.3000274293056875
2.662,2.6944755460501795,2.4414150642833854
1.021,1.1427127424338264,1.4460483499319716
1.016,0.8996882299707007,1.4693127977175102
0.774,0.9887913890282585,1.581499355696288
0.667,1.5570473218672283,1.6652683405718327
3.76,2.9802094422636936,3.2084160576556244
1.485,1.5523077182998544,1.6080295449720188
2.79,3.2021547966620103,2.877596343760969
2.852,2.4336548837546808,1.82719299023092
1.604,1.8120735535386154,1.3357297938768213
3.091,3.1747759859168574,3.6949965402504836
4.205,4.027252803369837,3.8819227318142526
3.414,2.9164829438714674,2.5457715897730813
4.812,4.7111962906126115,4.553562807877118
4.57,4.513732355979863,4.732332304648295
2.75,2.914522985523437,1.9498801450198324
3.061,3.631634010236772,3.3467322734444545
1.94,1.7414643978097408,1.7117204313719783
2.726,2.7127037622755847,2.511389186627055
0.98,1.1149532155304196,1.8836803044480792
1.429,1.6182642267987424,1.6880301833683844
1.336,1.432756500380111,1.2030658576872084
1.87,1.8078643439648934,2.4401435726063943
4.257,4.6606464517477315,4.700049452217313
2.826,3.1652842315612597,2.8437237158869495
1.968,2.538138922852971,2.3560138749915205
1.389,1.3325694713751814,1.2544624852128612
3.426,3.273016325254834,3.7549512093170576
3.496,3.0474081610149772,2.5145147435831796
2.946,2.3993087709952556,2.176341170475847
2.938,3.049462517891694,1.9826340720381572
1.556,1.991573369310116,1.714425218331368
0.601,0.5920980235039149,0.9706560560414123
1.176,1.7695958918734314,1.407774951536632
2.321,2.058715048746451,2.7980728008795754
2.042,1.9018228593456143,1.486787567377081
1.871,1.8131305063581509,1.9225135291098407
1.31,1.695221432090304,1.750378654934361
2.236,2.115312834424099,2.3531603072747287
2.595,3.2986050949476162,2.9931702760786845
0.889,0.8997329982218839,1.007509193656456
1.284,1.3058184938694075,1.4238182448889098
1.402,1.24436498635987,1.23150433265997
3.189,3.4168973146337924,3.871136454194907
1.844,1.6390796175536642,1.6796273239252724
1.835,1.628178617836946,1.6993617741475702
2.092,1.9203115513321327,1.6621796568774019
1.594,1.5102041334332825,1.373100956995025
1.059,1.7294673853365308,1.5753435570570424
4.045,4.248888970186759,4.383640982877075
3.486,3.6058496901497583,2.9525044668235605
1.403,1.7026789355863974,1.4894825513804153
2.854,2.747474029281526,2.8008523885411365
3.394,2.5707000116271614,2.9780625120812476
4.036,4.684996686343137,4.341399573418893
1.941,1.9629262330060016,2.3534699158702588
0.867,1.501062220598914,1.4113372710566492
1.582,1.4593705304486788,1.7027441722584347
2.081,1.9124717391387542,1.9054003575428933
3.974,4.071123948002635,4.1591638619733775
0.658,0.6144906709661788,1.2321959474086897
1.923,2.3481333596284433,2.163605486951986
0.831,1.7982113935890025,1.4770861540588642
1.707,1.3627676733256933,1.5176678426674721
1.146,1.3166586596653074,1.340086845523445
1.619,1.7300087107862177,1.7462135225450859
3.943,3.6765915959207947,3.914347236980976
3.736,3.7744177519531585,3.991839779555217
3.54,3.2856503585888333,3.0259056181240216
0.667,0.9989175894631657,1.5903791835403127
1.611,1.5622778473604393,1.4727818031276163
2.5,3.4586029685096307,2.2455894619941588
3.347,3.3671115001478755,3.05962488611333
3.023,3.2467850751036162,3.242728147810293
4.921,4.724900983437228,4.204426520684131
3.183,2.2630227499924924,2.3887682847468645
1.196,1.1492205015884955,1.2245847449201648
3.32,2.501819297329973,2.7149982752436173
2.861,3.0440482047890685,2.810946673069219
3.242,3.538141525374745,3.055590791274582
2.042,2.1592075906133514,2.322585261227631
4.506,4.3008235929136704,3.545160250607061
3.163,3.592105137656672,4.240133473713764
4.927,4.576792960156601,4.7521463041804415
2.862,2.803827336327765,2.7285990943244394
2.732,2.716756413055213,2.4511989304357535
2.73,2.7788275760796095,2.6048906076707343
4.788,4.591663939876019,4.147127053526455
2.165,2.1811961033076916,1.405607112733398
0.667,1.1001393941898037,0.829955127894561
2.542,2.6204195945580713,2.438910689309136
0.973,1.1931578049889189,1.2705551607801704
0.931,1.3765363891007483,1.347790493217481
4.029,3.5693281189734236,3.153221651226351
2.813,3.15503650563383,2.9047849669196046
1.9,1.7314349555750452,1.942025699009649
2.352,1.8535860792586123,1.9536277401494808
1.16,1.2212271318961587,1.1044790016773942
1.302,1.5036093040520688,1.7322946949005464
2.006,3.1302495458148734,2.907086314483547
3.81,3.6783965864563717,3.840650236523729
3.46,3.348754050881001,3.047489271591533
3.711,4.8772376775024515,4.563944258311117
2.382,2.695695114463575,2.714083385217274
1.571,1.2789640342354471,1.294067746373631
3.414,2.8708726568706444,3.1024657843790275
2.375,2.0394124046719075,2.3898857557583155
4.246,3.493816009796912,3.5271305825858783
1.257,1.472082861850596,1.0200850527077736
1.692,1.8117774785790701,1.8369963761813044
1.207,1.815813089426341,1.6036109273169616
2.217,1.6818769111100091,1.5474673208000937
1.5,1.6103835170937404,1.7938037486492742
1.844,1.5425291673284323,1.40228511889558
1.5,1.5908560619563703,1.4023323008298805
2.138,2.7176291389379195,2.9695004083667222
3.127,2.3167367670336922,2.560065811947378
1.418,1.6090553676122783,1.3274082879516511
1.413,1.8118535976993502,1.9415829513290728
2.33,2.7768081499674544,2.723751595077998
2.566,2.409668260120845,2.387024000794881
2.625,2.0873565873508335,1.5871841843312287
2.17,1.599679822969669,1.4345512016998652
3.186,4.32515147169623,4.232952552491688
1.968,2.4349981950615422,2.4060443367191375
2.102,1.9238689769987127,1.601486343579423
2.548,2.5360519334305884,2.1483334292440697
0.6,0.663234269585218,1.4343718254526618
3.508,3.3276718382452852,3.4366360826641205
1.514,1.4725655310822634,1.6846993161891577
3.048,3.1194268909131617,3.408637837420798
1.072,1.3695723004573241,1.5298937918388655
2.014,2.177658599156731,2.1046261782521114
3.466,3.158028626323641,2.7260916737664416
2.887,3.0348276624141874,3.7315015014120987
1.014,1.7015469428857521,1.198974533082994
2.703,2.6495622809916237,2.1181650443703735
1.143,1.2568864798184756,1.283456793044858
4.826,4.448061562418897,4.56322277685199
0.548,0.6452923312231542,0.6792234287861653
3.336,3.3589345665215724,3.3727019531235944
3.913,3.7316371947177496,3.553872031488401
2.516,2.6804633828453692,2.951945509760271
3.32,2.7258281130076036,2.447088264916555
1.386,1.4705865660368498,1.423070598744609
0.645,1.1959383344812364,1.5519715769947249
2.633,2.238791574225406,2.1422311032663948
3.945,4.127742260485382,4.4599477360917765
1.368,1.1765637840500325,1.1684375955190291
2.791,3.153681411737796,2.4210112176657317
1.579,1.4218441055618336,1.7173835259179362
3.92,3.8587120342587866,4.343973214309826
3.744,3.7883416060448987,4.585165663039853
3.307,3.431772988898496,3.1877596495565865
2.516,2.3347041002936235,2.4340136726018193
4.305,3.740040759872641,2.868575647252077
2.897,3.6530541442129847,3.037169726721627
1.955,2.476751418608429,2.614597141449262
0.892,0.9594408335812976,0.9307656915640944
1.084,1.329808598433846,1.333560030527643
1.518,1.6938031820443533,1.4779697601335968
4.1,3.480919979000074,3.0723002233564936
1.412,1.397742101100015,1.457215201582713
3.983,4.046402114946941,3.6807475727407826
1.0,1.1488916187434661,1.0999861501875001
2.265,2.120548412396917,2.63696050994036
2.679,2.5774982576071617,2.5307147015403664
2.044,2.262375589994781,1.8310168833610532
3.118,2.729622659088398,2.629086820737359
1.786,2.2108693676531774,2.5817193913597927
2.252,2.3140622386716347,2.1111100109998318
2.962,3.2085282228256973,3.1923199104802236
1.214,1.5536222072573205,1.6357158769354991
0.562,0.5282404717724581,0.734429735663208
2.15,2.633501421211135,2.517733886434928
3.235,2.639171744086112,2.6759385093964965
4.219,3.459152557719028,3.860843776396162
1.315,0.9896704191527477,1.5460940955705085
2.63,2.543358081957023,1.7932006028751473
2.731,2.3179458709459455,2.975007582901328
3.902,4.223861777908185,4.603824804752796
2.314,2.2709629535743527,1.581478099463061
3.013,2.834677930009753,2.9441176567938503
3.184,3.172677708644115,2.6648314336405248
0.961,1.7169428730395482,2.139112431022219
3.084,2.4800608239295983,3.0172973628129314
1.848,2.1292764403355484,2.2977904855422504
3.304,3.3526698858314177,2.4570495650614492
2.602,2.8040634496384707,2.4370216919446173
3.779,3.3693646785992772,3.2681002221479694
1.651,2.0655110014813975,3.355012411656153
1.465,1.6879843596752906,1.5146166052571743
0.61,0.6984594712624728,1.0939437058287695
0.717,0.4433149044289457,0.7587588163209075
4.527,4.811695836507706,4.807605689701286
3.13,2.632238166888435,3.1134622419978473
2.676,2.728499768058333,2.3253020490731124
1.778,1.6560196097690865,1.5225659457977656
2.464,2.4805629361981723,2.3974621177265263
1.385,1.3086135539493937,1.2973560355407638
0.788,0.660034459666044,0.8991631144420359
2.665,3.0450060111177466,3.0601794326773812
2.856,3.494171966188957,2.9156925654411716
2.692,2.688364639967313,1.7501995336487721
2.171,2.2000254605667995,2.1868441692374287
3.025,2.5389807014244075,2.1777122769254427
2.528,1.9395095468874812,1.8396547112301804
3.388,3.6147155547540764,2.7637195698034933
2.948,3.5048570814124833,3.0833406743436877
2.122,1.92563344514073,2.1386115518674
1.217,1.3107620924643615,1.526244535503043
3.529,3.701554186404281,2.949677845160569
5.083,5.072373670931055,5.110596690499848
1.433,1.0743211135971733,1.2010850770075656
2.238,1.8996306634995233,1.623362581572081
3.967,3.633480937380564,3.1491516382337124
1.783,1.6534149453108313,1.580640607304586
3.732,2.9418049978822896,2.67329556054873
1.057,1.1637161857291511,2.184203043088314
2.064,1.8915344798044074,1.4935740360960539
1.735,0.8924433099287022,0.870017858598397
2.2,1.4704965858777537,1.6322623526394646
1.667,1.3024471633460921,1.5295566329713255
0.869,1.0762183553882723,1.1623891307705962
4.085,4.170860216288572,4.126324604451169
3.779,3.3628450563305723,3.189098422294382
2.018,2.147695026907275,2.0460544383007773
1.77,1.9309603763973406,1.6769059874721006
1.343,1.317751812981404,1.4687748167862114
3.065,3.31082892467244,2.786431432568848
1.724,1.65155582150178,1.4674821786165495
4.984,5.06971562317417,5.077870035061965
2.5,2.3292014604786764,2.312508196340362
2.368,1.7026827669101654,1.6483631535903327
1.652,1.7209840543807822,2.1319861854325253
1.274,1.6746853910391462,1.5214364923115444
2.982,2.4196716290451126,2.0512793341436777
1.594,1.55317797052887,1.5655009706007283
1.25,1.1226115895027329,1.1834356811289393
0.866,1.1462546601602124,1.4354136625523486
1.917,1.9979719394581252,1.8152016287302284
3.182,3.0166054864266565,2.4691902099466567
3.616,3.6826067024692,3.9594821407235172
2.051,1.9472541864093782,1.5584324991699945
3.171,2.4959105274964966,2.7524970217679754
1.872,1.5425510794433253,1.0833730236806063
1.526,1.5644353793722825,1.811186394996413
2.158,2.8658101391147683,1.890162745817765
2.84,2.80219957008165,2.9689033634788857
1.451,1.5261429047388249,1.1487750104153154
2.592,2.700643699102777,2.482652920528726
4.317,4.941447610918852,4.990937326375416
2.455,1.868771749325306,2.0097803031246095
3.08,3.3643720795949674,3.106298461418772
2.638,2.186985705134116,2.4629653458695846
5.336,5.221599034333328,5.105447022185179
4.105,4.216691013477112,3.7141768712008907
1.024,1.1017807044711598,0.9688074916329773
2.505,3.3950115112295136,2.6476935118871805
2.058,2.554386327445884,2.4051343607242073
3.121,3.3235483236821497,3.490624386631937
3.732,3.756669310529836,3.5481174750479654
3.855,4.089717811472829,4.127933866257346
2.023,1.823768573540553,1.752689822162413
3.299,3.019253857258107,2.9322903654233934
3.643,4.314389633133796,3.001444640186353
4.171,3.758092446507283,4.135321550562017
1.511,1.5853643458138391,2.2641040210798513
2.13,1.7529271630110133,1.8742216596417767
3.899,3.5568805584467937,4.460398023380081
2.656,2.2847909371625468,1.8214931690947322
1.105,1.1207521625714902,1.4129522896671518
1.392,1.5162962221319656,1.3223254532168953
3.148,2.5918020379990674,2.6124532801717826
1.672,1.7100769264073779,1.4464091843460594
2.648,2.5503261158593578,2.457287523438315
0.432,0.8195041041262736,1.30601266725695
3.419,3.3629508038255054,2.87000332965251
2.783,3.1498052353610717,2.4249812127575807
1.251,1.0024096065552566,1.274463173856359
2.435,2.764779019171303,2.5332106287083627
3.636,3.5033705491325993,3.218593165628343
1.692,2.089015754275915,2.444813799280779
0.547,0.6725195491401281,0.7743336548666137
0.931,1.1808882820308026,1.4078634576208233
2.801,2.6272074452350913,2.5089270809565103
1.725,1.8721215026425602,1.4794762083978914
0.72,1.095384257971471,1.2667945391246893
2.766,2.8080459796590524,2.552691650910061
2.224,1.9775079734757757,1.9947835881685845
3.219,3.1892711761816237,2.695947762827489
1.763,2.7075866905078243,2.6884352190996057
2.461,2.616052258592078,2.3733241880677367
2.436,2.804529241027926,2.4682870527410894
2.478,2.525956398196673,2.540678746580332
3.421,3.2838618693417763,3.205269937805669
4.907,4.737740441747821,4.642054343293865
1.335,1.317369862802917,1.9138348120140334
1.044,1.5709974324563807,1.8774751002381005
5.358,4.825945940220677,4.500732279264788
2.296,2.2283085404322347,1.3928601223118293
2.733,2.4904504432400927,2.6123452483189946
1.211,1.6179947172052596,1.4483530621298808
2.187,1.9227041185107319,1.9298433673178277
2.335,2.7505629105572567,2.597782474973713
2.681,2.910901902918307,2.6205968485507265
1.41,1.5490196825341291,1.6640270041021514
3.836,3.8436605625609084,3.432723842955689
1.831,1.6785061314838425,1.575802187550774
2.778,2.7354228160852356,2.4771224836766255
4.527,4.809768161081342,4.9770287637608295
1.878,2.5359795665427884,2.097796317997197
2.112,1.7470641594055136,1.4308355897997398
2.838,3.1250591726625188,2.7833023167682245
0.686,1.0000573750339723,1.3693960022876106
2.096,1.7459814525059651,2.2922925507025997
2.962,2.979996052056241,2.919546987161726
0.733,2.5257533652333857,2.0927257077532286
2.376,3.1773883408312518,2.270160050395076
1.0,1.605268098987629,1.5669667829527958
4.503,4.359270137839569,4.55461780838989
3.069,2.8501483914112877,3.0403192242628356
2.69,2.2544805985086196,1.4865368902655738
3.74,3.352512585368295,3.247854499759349
3.693,3.8686355737704936,4.302551785319415
1.889,1.439028296082705,1.2602366903513582
1.756,1.3242338338383788,1.7466066463915344
2.888,2.9187377013803677,2.871107685139775
1.5,2.3144235062422265,2.160511534393114
2.813,3.0559691537349574,3.031462375035199
2.372,2.722980524556899,2.313960246595813
3.394,3.5014206599127444,3.238140874553556
2.523,2.0903491273416885,2.6670260021784262
3.216,2.747902524925369,2.7077313934485026
1.3,1.490359474241385,1.4937480612643346
2.889,2.638512771772274,2.405672320298074
1.735,1.509986360740195,1.7156374920409605
1.291,1.3156049298949029,1.3404359380146804
1.84,2.173131613698981,1.9383509083863557
4.796,4.09426794350871,3.8541157305792573
1.042,1.2881834610764717,1.3296312116779565
1.86,1.4427255430421675,1.8651239293395778
2.955,2.0453497597099024,1.294930840350557
0.775,0.678892214341587,0.666813112670856
4.548,4.2004540754134805,4.054184021119184
1.42,1.519942335105533,1.4864644349351455
2.497,3.171323636126928,3.07263791238506
2.118,2.2847681894497365,2.088250061450358
2.359,2.263750302362082,2.0994718043249203
1.091,0.9589399629503383,0.7317570581359364
3.995,3.7760604455446627,4.0021728604071125
1.972,1.9508401974691898,1.2113901463393688
2.178,1.5116404092107087,1.3813202760996965
1.119,1.469691728028361,1.8963357445112536
1.444,1.3075342437943684,1.003117437767933
1.191,1.4789290996152524,1.667058882500199
4.224,4.6226648150121505,4.876586040335348
2.09,1.9391003027749596,1.421350311265054
0.652,1.568994325522974,1.6018939278091757
2.379,2.3577944367145665,2.5990715251517735
1.476,1.8041413407946147,1.50465705116267
1.023,1.2611171524055462,1.569127832392133
1.0,1.4751847812055043,0.8911433607365805
2.375,2.424691218317906,2.860149279190097
1.681,1.5653258259730307,1.678756071415608
4.062,4.689298987855571,4.549451276567278
3.318,3.2912783071920813,3.136395798732035
4.171,4.864355692556039,4.217233790967041
4.995,4.144200156156119,4.291563776909639
1.0,1.1828389857954287,1.179885934394481
1.778,1.5087554527950293,1.6500553648173324
2.625,2.6487216753351306,2.481360828945863
2.327,2.4623098267517483,1.9094793255941132
5.181,4.8333665639596415,4.611587582357468
2.472,3.599626764181612,3.037140131021006
4.251,4.4619511469295015,4.8225831186934665
1.1,1.0202073871623676,1.1330155418705505
3.174,3.512751274521876,3.588877003646235
1.024,1.5371885420436961,1.5416694435783693
1.557,2.2868816249851154,2.575450516362129
2.93,3.1497085297978993,3.0662417483316187
1.637,1.339586104104718,1.2856970330520605
4.119,3.5915512306649293,3.2679205723598304
1.621,1.88001337654404,1.7033697252068696
0.648,0.9604110144065399,1.3118879775627508
4.122,4.390930443883151,3.532870891055113
3.505,3.507795457052683,3.442516585842321
1.933,2.207814824798355,1.9169874163008616
1.687,1.3940364496959383,1.2587420518225279
2.185,2.2379740921579123,2.4946280748624585
2.018,1.8159244926220608,1.7543257203133655
1.001,1.2339446555284983,1.1543138500793795
3.96,4.435213948649523,4.574699403962348
1.325,1.162402478298986,1.3757024045978596
2.157,2.311031222745984,1.8003744472526053
5.508,4.722893413835388,4.863463485609353
2.415,2.172709107577419,2.218000401761285
2.41,2.6625834911198485,2.348150584493551
1.25,1.2611848655191173,1.2810133698895716
2.648,2.6350091436356338,2.067652417701984
1.175,1.1349184800862175,1.1949538161509214
3.012,2.7109983781284033,2.810457466727724
2.767,2.7737578524033077,2.7678954652085346
4.924,5.092519202169179,4.90934655426019
1.941,1.781507275107346,2.511283496978597
4.137,3.6335298142602,3.1875406609432555
3.486,3.60443025963899,2.3162296264306446
0.636,1.1653053757102987,0.9877374278639882
2.755,2.7409523189788505,2.1423677188636474
4.529,4.243354404072681,4.051331047715964
2.14,1.7763629590490313,2.560961491186474
2.156,1.679446534742235,1.5668280633139027
0.804,0.8207229415214753,0.7803115130041002
3.306,2.7540029874156007,3.049012607647121
1.51,2.026087756248015,2.526833762030368
1.998,1.6790038761736434,1.8735719216445283
0.793,0.9288384442161408,0.964919134292796
1.567,1.368910937461274,2.4763828475868874
0.824,0.7002427250926646,1.4963354252615306
3.188,2.7378058393732143,2.390762826319164
2.029,2.3418042997132167,2.509189048295117
3.8,3.0002201694390833,2.1683854320620193
4.126,4.819073230785517,3.585098234060817
1.504,2.38351791459247,2.1291724563299996
0.917,0.7161302101723893,1.2157592289461507
1.077,0.9347068861492343,1.177325865355273
1.182,1.9609220018114275,2.0069109678389903
1.81,1.520311366192997,1.2644586416173924
4.117,4.208103008470059,4.779776316570509
3.152,3.1944908665217753,3.098585392473082
2.056,1.9571223950562717,1.8616476659162209
1.75,1.944805135672513,1.6030635246898362
2.03,1.7242468345431317,2.158690093881323
3.03,3.0147286429869586,2.5589522947074195
1.58,1.8294592788210755,2.1936714678791054
1.506,1.7224468583719437,1.796436108189257
3.127,3.1034488975804426,2.6697174037527405
0.293,0.5351031000223152,0.8746265745531333
0.954,1.1277652132734715,1.511798453885858
3.048,2.811290546615141,3.237742128531336
1.931,1.9673549005542483,2.209353300023535
2.968,2.6040821073355356,2.6038303587101193
2.095,2.052746142086768,2.315235323858774
1.357,1.8032660218714696,1.8752077821360484
1.0,1.0444255018602921,1.0116157681183644
5.037,4.912848865944415,4.956021493973714
3.335,3.031333899297952,3.323250679809848
